BR,RT,DAY,STOP,NEW BR,NEW RT,NEW DAY,NEW STOP,CUST,CUST NAME,HOUSE NUMBER,ADDRESS,CITY,ZIP,EST DATE,BIG 5 AVG,COMP AVG
BR,,,,RQ,RQ,RQ,RQ,(RQ:,FILL ONLY FOR REROUTED CUSTOMERS),-- REMOVE THIS COLUMN BEFORE UPLOAD --,-- DO NOT REMOVE THIS ROW --,,,,,
650,1,1,1,650,1,1,1,8912,AUTO CHLOR,8912 A,YELLOW BRICK RD,ROSEDALE,21237,06/16/2013,$0.00,$0.00
650,01,01B,01,650,02,05B,1,6501024,COAL FIRE PIZZA HUNT VALLEY,112,SHAWAN ROAD,COCKEYSVILLE,21030,06/17/2013,$745.42,$373.58
650,01,01B,02,650,02,05B,4,65050465,GREEN LEAF RESTAURANT,11313,YORK ROAD,COCKEYSVILLE,21030,11/02/2004,$312.51,$0.00
650,01,01B,03,650,02,05B,5,650982,FUSION,10752,YORK ROAD,COCKEYSVILLE,21030-2121,03/12/2013,$279.69,$0.00
650,01,01B,04,650,02,05B,7,650437,VITO'S RESTAURANT,10249,YORK ROAD,COCKEYSVILLE,21030,08/27/2007,$526.76,$136.70
650,01,01B,05,650,02,06B,1,6501054,LA TOLTECA COCKEYSVILLE,10010,YORK ROAD,COCKEYSVILLE,21030-3304,09/16/2013,$274.96,$0.00
650,01,01B,06,650,02,05B,2,226500031,MISSION BBQ - HUNT VALLEY,128,"SHAWAN ROAD, STE 103",HUNT VALLEY,21030,12/19/2022,$623.55,$98.45
650,01,01B,07,650,02,05B,3,226500027,IZAKAYA 68,100,SHAWAN ROAD,HUNT VALLEY,21030,09/05/2022,$338.11,$0.00
650,01,02B,01,650,03,03B,2,65092638,DING HOW TIMONIUM,12237,TULLAMORE ROAD,TIMONIUM,21093-7816,04/08/1997,$165.00,$0.00
650,01,02B,02,650,03,03B,3,166500234,LIBERATORE'S RISTORANTE & CATERING TIMONIUM ,9515,DEERECO ROAD,TIMONIUM,21093-2116,09/20/2016,$644.11,$0.00
650,01,02B,03,650,02,06B,2,156500107,ROYAL KITCHEN,9832,YORK ROAD,COCKEYSVILLE,21030-4914,03/26/2015,$118.33,$0.00
650,01,02B,04,650,02,12B,2,6501012,NEW LIFE HEALTHY LIVING,7600,CLAYS LANE,WINDSOR MILL ,21244-2003,05/31/2013,$0.00,$0.00
650,01,03B,01,650,02,05B,8,176500023,MIKU SUSHI & STEAKHOUSE,584,CRANBROOK ROAD,COCKEYSVILLE,21030-3702,06/27/2017,$225.00,$0.00
650,01,03B,02,650,02,06B,3,65092857,EDO SUSHI TIMONIUM,53,EAST PADONIA ROAD,TIMONIUM,21093,11/19/1997,$184.26,$0.00
650,01,03B,03,650,02,06B,4,156500046,CUVINO,61,EAST PADONIA ROAD,TIMONIUM,21093-2346,02/23/2015,$597.96,$0.00
650,01,03B,04,650,02,06B,5,650466,NAUTILUS DINER,2047,YORK ROAD,TIMONIUM,21093-4230,02/26/2008,$668.43,$9.22
650,01,03B,05,650,02,06B,7,216500009,KUNG FU 12 SZECHUAN - TIMONIUM,1427,YORK ROAD,TIMONIUM,21093,02/15/2021,$464.97,$0.00
650,01,04B,01,650,01,06B,7,186500025,THAI RAINBOW RESTAURANT,750,CONCOURSE CIRCLE,MIDDLE RIVER,21220-2995,09/06/2018,$200.48,$9.12
650,01,04B,02,650,01,06B,8,166500248,VINCE’S CRAB HOUSE,610,COMPASS ROAD,MIDDLE RIVER,21220,11/23/2016,$294.63,$10.42
650,01,04B,03,650,01,06B,4,650389,KOBE JAPANESE STEAK HOUSE,8165,HONEYGO BOULEVARD,NOTTINGHAM,21236-8208,12/29/2006,$373.37,$0.00
650,01,04B,04,650,01,06B,3,196500028,AKIRA RAMEN ,8133,HONEYGO BOULEVARD,WHITE MARSH,21236,09/17/2019,$226.98,$0.00
650,01,04B,05,650,01,05B,4,216500016,PHO SAIGON HANOI ,9613,HARFORD ROAD,PARKVILLE,21234-2150,05/20/2021,$315.00,$0.00
650,01,05B,01,650,03,14B,1,166500232,LAS ESPERANZAS CAFÉ 2,5725,RITCHIE HIGHWAY,BROOKLYN PARK,21225-3645,09/15/2016,$379.98,$0.00
650,01,05B,02,650,03,14B,2,65092646,EL SALTO BALTIMORE,5513,RITCHIE HIGHWAY,BROOKLYN,21225-3470,05/15/1997,$609.69,$27.35
650,01,05B,03,650,03,11B,8,186500021,LAS ESPERANZAS CAFE 1,2159,WEST PATAPSCO AVENUE,BALTIMORE,21230,08/02/2018,$220.00,$0.00
650,01,05B,04,650,01,12B,4,216500021,WATER SONG ,21,EAST CROSS STREET,BALTIMORE,21230,06/10/2021,$219.32,$0.00
650,01,05B,05,650,01,12B,6,65047430,THAI ARROY,1019,LIGHT STREET,BALTIMORE,21230,09/10/2006,$117.80,$0.00
650,01,05B,06,650,01,12B,3,176500031,HERSH'S,1843,LIGHT STREET,BALTIMORE,21230,12/07/2017,$303.70,$36.50
650,01,05B,07,650,01,12B,1,196500032,MINDPUB,554,E. FORT AVE,BALTIMORE,21230,11/20/2019,$205.00,$0.00
650,01,05B,08,650,01,11B,8,226500030,AMMOORA RESTAURANT,751,KEY HIGHWAY,BALTIMORE,21230,10/03/2022,$369.06,$0.00
650,01,05B,09,650,01,12B,5,236500010,BE MORE THAI,1006,LIGHT STREET,BALTIMORE,21230,03/06/2023,$264.00,$0.00
650,01,06B,01,650,01,08B,1,650643,FRIENDLY'S DUNDALK,1579,MERRITT BOULEVARD,DUNDALK,21222,04/15/2010,$115.31,$43.99
650,01,06B,02,650,01,08B,8,6501046,MISSION BBQ CANTON,3701,BOSTON STREET,BALTIMORE,21224,08/15/2013,$458.60,$14.71
650,01,06B,03,650,01,09B,1,196500009,AKIRA RAMEN & IZAKAYA,3731,BOSTON STREET,BALTIMORE,21224,03/12/2019,$256.11,$0.00
650,01,06B,04,650,01,08B,6,650826,K & D RESTAURANT,3706,EASTERN AVENUE,BALTIMORE ,21224,08/29/2011,$213.85,$8.85
650,01,06B,05,650,01,08B,7,196500013,PHO BAC,700,POTOMAC STREET,BALTIMORE,21224,04/19/2019,$240.76,$0.00
650,01,06B,06,650,01,09B,3,196500024,NAKED GRILL SUSHI AND YAKITORI,2748,LIGHTHOUSE POINT EAST,BALTIMORE,21224,08/26/2019,$207.00,$0.00
650,01,06B,07,650,01,09B,4,166500075,CHESAPEAKE WINE COMPANY,2400,BOSTON STREET,BALTIMORE,21224,02/29/2016,$205.00,$0.00
650,01,06B,08,650,01,09B,2,236500017,SCHOLA,2744,LIGHTHOUSE POINT EAST,BALTIMORE,21224,05/22/2023,$246.00,$0.00
650,01,07B,01,650,01,12B,2,650707,PARK BENCH,1749,BELT STREET,BALTIMORE,21230-4707,10/13/2010,$0.00,$0.00
650,01,07B,02,650,01,11B,7,156500184,TABRIZI'S,500,HARBORVIEW DRIVE,BALTIMORE,21230,06/17/2015,$0.00,$0.00
650,01,07B,03,650,01,12B,8,650868,PRATT STREET ALE HOUSE,206,WEST PRATT STREET,BALTIMORE,21201-2426,01/13/2012,$703.70,$253.70
650,01,07B,04,650,01,13B,1,650748,SUPANO'S STEAK HOUSE,110,WATER STREET,BALTIMORE,21202-1001,01/31/2011,$225.00,$0.00
650,01,07B,05,650,01,11B,3,166500111,TACO FIESTA,618,SOUTH EXETER STREET,BALTIMORE,21202,03/04/2016,$355.91,$76.85
650,01,07B,06,650,01,10B,8,650479,BLACK OLIVE RESTAURANT,901,SOUTH BOND STREET,BALTIMORE,21231-3339,05/12/2008,$194.08,$0.00
650,01,07B,07,650,01,16B,1,246500007,FLOCK,1415,WASHINGTON BOULEVARD,BALTIMORE,21230-1830,01/25/2024,$106.85,$31.52
650,01,08B,01,650,02,07B,1,226500018,AKIRA RAMEN - TOWSON,1,EAST JOPPA ROAD,TOWSON,21286,07/20/2022,$356.86,$0.00
650,01,08B,02,650,02,07B,2,216500041,SWEETGREEN -TOWSON,1,"E. JOPPA ROAD, SPACE #151",TOWSON,21286,11/30/2021,$699.12,$477.41
650,01,08B,03,650,02,07B,4,196500005,NEW GENERATION HOT POT,413,YORK ROAD,TOWSON,21204-5124,01/23/2019,$478.29,$0.00
650,01,08B,04,650,02,07B,6,65050330,GLORY DAYS GRILL - TOWSON,1220,EAST JOPPA ROAD,TOWSON,21286,10/23/2002,$1074.24,$481.07
650,01,08B,05,650,02,07B,3,236500020,KUNG FU 12 SUSHI,416,YORK ROAD,TOWSON,21204,06/19/2023,$0.00,$0.00
650,01,08B,06,650,02,08B,7,236500021,PURE RAW JUICE,6809,YORK ROAD,TOWSON,21212-1510,07/17/2023,$246.00,$0.00
650,01,09B,09,650,01,09B,5,146500261,KATANA SUSHI BALTIMORE,845,SOUTH MONTFORD AVENUE,BALTIMORE,21224-3643,12/16/2014,$175.00,$0.00
650,01,09B,10,650,01,09B,6,196500033,NIHAO,2322,BOSTON STREET,BALTIMORE,21224-3601,10/09/2019,$663.09,$123.27
650,01,09B,11,650,01,10B,6,176500002,PENNY BLACK,1800,THAMES STREET,BALTIMORE,21231,02/17/2017,$184.00,$0.00
650,01,09B,12,650,01,10B,7,650778,THAMES STREET OYSTER,1728,THAMES STREET,BALTIMORE,21231,04/18/2011,$556.67,$0.00
650,01,09B,13,650,01,10B,5,156500195,TWIST FELLS POINT,723,SOUTH BROADWAY,BALTIMORE,21231-3407,06/22/2015,$241.13,$0.00
650,01,09B,14,650,01,10B,1,650432,EL SALVADOR RESTAURANT,207,SOUTH BROADWAY,BALTIMORE,21231-2406,08/06/2007,$393.70,$0.00
650,01,09B,15,650,01,10B,2,166500229,ANGIE'S SEAFOOD,1727,EAST PRATT STREET,BALTIMORE,21231-1819,08/26/2016,$470.51,$0.00
650,01,10B,01,650,01,11B,4,650938,GERMANO'S TRATTORIA,300,SOUTH HIGH STREET,BALTIMORE,21202-4333,10/15/2012,$0.00,$0.00
650,01,10B,02,650,01,13B,8,236500028,NOONA'S PIZZA,1203,WEST MOUNT ROYAL AVENUE,BALTIMORE,21217,11/16/2023,$264.50,$27.98
650,01,10B,03,650,01,11B,5,196500020,AMICCIS,231,SOUTH HIGH STREET,BALTIMORE,21202-4454,08/15/2019,$715.00,$0.00
650,01,10B,04,650,01,11B,6,65092620,LA TAVOLA,248,ALBEMARLE STREET,BALTIMORE,21202-4455,04/08/1997,$440.16,$90.77
650,01,10B,05,650,01,10B,4,216500001,ASAHI SUSHI,514 ,SOUTH BROADWAY,BALTIMORE,21231,01/04/2021,$0.00,$0.00
650,01,10B,06,650,01,08B,5,236500009,OVENBIRD BAKERY,300,"3925 GOUGH STREET, STE 2",BALTIMORE,21224,03/01/2023,$518.28,$164.00
650,01,10B,07,650,01,11B,1,246500002,ATTMAN'S BALTIMORE,1401,POINT STREET,BALTIMORE,21231,01/08/2024,$458.03,$94.70
650,01,11B,01,650,01,10B,3,216500032,LITTLE DONNA'S ,1812,BANK STREET,BALTIMORE,21231-2506,09/08/2021,$323.67,$0.00
650,01,11B,02,650,01,09B,7,186500024,CHARMED KITCHEN,123,SOUTH CHESTER STREET,BALTIMORE,21231-2010,09/04/2018,$249.00,$0.00
650,01,11B,03,650,01,09B,8,206500015,FRESH EXPRESS,525,NORTH WOLFE STREET,BALTIMORE,21205-2110,12/14/2020,$269.00,$0.00
650,01,11B,04,650,01,13B,3,196500023,ROD DEE THAI,340,NORTH CHARLES STREET,BALTIMORE,21201,08/19/2019,$160.00,$0.00
650,01,11B,05,650,01,13B,4,65093622,SOTTO SOPRA,405,NORTH CHARLES STREET,BALTIMORE,21201-0000,07/12/1999,$376.88,$0.00
650,01,11B,06,650,01,13B,5,146500121,IGGIES RESTAURANT,818,NORTH CALVERT STREET,BALTIMORE,21202,08/13/2014,$0.00,$0.00
650,01,12B,01,650,01,13B,6,176500020,CAFE FILI,816,CATHEDRAL STREET,BALTIMORE,21201,06/05/2017,$248.40,$0.00
650,01,12B,02,650,01,13B,7,216500030,CENTRAL BAR ,885,NORTH HOWARD STREET,BALTIMORE,21201,08/27/2021,$0.00,$0.00
650,01,12B,03,650,01,15B,4,196500012,THE TILTED ROW,305,MC MECHEN STREET,BALTIMORE,21217,04/09/2019,$547.87,$0.00
650,01,12B,04,650,01,15B,3,6505398,ON THE HILL CAFE,1431,JOHN STREET,BALTIMORE,21217,06/21/2005,$170.57,$0.00
650,01,12B,05,650,01,14B,1,186500030,LE COMPTOIR DU VIN,1729,MARYLAND AVENUE,BALTIMORE,21201,10/25/2018,$258.43,$30.58
650,01,12B,06,650,01,14B,2,216500029,CHURCH BAR,2219 ,MARYLAND AVE,BALTIMORE,21218,08/10/2021,$0.00,$0.00
650,01,12B,07,650,01,15B,1,216500015,REMI'S ,300,W. 30TH STREET,BALTIMORE,21211,04/16/2021,$0.00,$0.00
650,01,12B,08,650,01,15B,5,226500021,BALTIMORE UNITY HALL,1505,EUTAW PLACE,BALTIMORE,21217,08/11/2022,$0.00,$0.00
650,01,12B,09,650,01,12B,7,236500015,VIDA TACO BAR,333,WEST CAMDEN STREET,BALTIMORE,21201,04/24/2023,$88.00,$0.00
650,01,13B,01,650,01,01B,7,196500014,ROOTS NATURAL KITCHEN,120,EAST MAIN STREET,NEWARK,19711,05/16/2019,$503.90,$0.00
650,01,13B,02,650,01,01B,8,65040669,NEWARK COUNTRY CLUB,300,WEST MAIN STREET,NEWARK,19711-3218,04/12/2006,$175.26,$0.00
650,01,13B,03,650,01,02B,1,650419,LA CUCINA RESTAURANT,103,NORTH WASHINGTON STREET,HAVRE DE GRACE,21078,05/16/2007,$386.66,$0.00
650,01,13B,04,650,01,01B,4,226500025,FIESTA MAYA MEXICAN GRILL,200,PENCADER PLAZA,NEWARK,19711,09/21/2022,$261.27,$0.00
650,01,14B,01,650,01,04B,4,166500206,TASTE OF TAJ,9810,BELAIR ROAD,PERRY HALL ,21128,04/29/2016,$179.00,$0.00
650,01,14B,02,650,01,04B,6,650721,FRIENDLY'S PERRY HALL,9551,BELAIR ROAD,NOTTINGHAM,21236-1509,12/03/2010,$179.72,$88.22
650,01,14B,03,650,01,04B,5,226500014,RAVAGE DELI,9636,BELAIR ROAD,NOTTINGHAM,21236,07/11/2022,$240.00,$0.00
650,01,14B,04,650,01,04B,7,196500015,EL SALTO - PERRY HALL,4335,EBENEZER ROAD,PERRY HALL ,21236-2143,05/16/2019,$562.90,$37.77
650,01,14B,05,650,01,04B,8,650890,YAMA SUSHI PERRY HALL,4347,EBENEZER ROAD,NOTTINGHAM,21236-2143,05/04/2012,$190.00,$0.00
650,01,15B,01,650,02,04B,9,196500021,VINCES CRAB HOUSE,2108,FALLSTON ROAD,FALLSTON,21047-1442,08/23/2019,$293.59,$0.00
650,01,15B,02,650,02,04B,8,156500333,TACOS TOLTECA,2823,BELAIR ROAD,FALLSTON,21047,08/21/2015,$416.69,$93.42
650,01,15B,03,650,01,04B,3,65023694,CHOPSTIX CAFE,5002,HONEYGO CENTER DRIVE,PERRY HALL ,21128,09/21/2004,$245.00,$0.00
650,01,15B,04,650,01,06B,5,166500243,EDORRITO ASIAN BISTRO,5203,CAMPBELL BOULEVARD,NOTTINGHAM,21236,10/25/2016,$246.00,$0.00
650,01,15B,05,650,01,06B,6,166500236,LEDO PIZZA OF WHITE MARSH,5350,CAMPBELL BOULEVARD,NOTTINGHAM,21236-4914,09/26/2016,$545.52,$295.52
650,01,16B,01,650,01,01B,3,226500017,PLAZA AZTECA,928,BEAR CORBITT ROAD,NEWARK,19702,07/11/2022,$1060.64,$0.00
650,01,16B,02,650,01,01B,2,166500225,HIBACHI GRILL & SUPREME SUSHI BUFFET,4403,KIRKWOOD HIGHWAY,WILMINGTON,19808,07/29/2016,$729.17,$0.00
650,01,16B,03,650,01,01B,5,216500002,KUNGFU HOTPOT ,230 ,EAST MAIN STREET,NEWARK,19711,01/04/2021,$336.44,$0.00
650,01,16B,04,650,01,01B,6,216500004,FREDDY'S WINGS AND WRAPS ,174,EAST MAIN STREET,NEWARK,19711-7309,01/11/2021,$220.00,$0.00
650,01,16B,05,650,01,01B,1,236500023,MISSION BBQ - WILMINGTON,3662,CONCORD PIKE,WILMINGTON,19803,07/17/2023,$550.04,$80.16
650,01,17B,11,650,01,02B,2,65094609,LEE'S HUNAN,971,BEARDS HILL ROAD,ABERDEEN,21001,05/03/1990,$244.21,$0.00
650,01,17B,12,650,01,02B,3,650820,LA TOLTECA ABERDEEN,984,HOSPITALITY WAY,ABERDEEN,21001-1779,08/25/2011,$666.69,$0.00
650,01,17B,13,650,01,02B,5,6501052,LEE'S ASIAN BISTRO,1408,HANDLIR DRIVE,BEL AIR,21015-6600,09/12/2013,$222.72,$12.72
650,01,17B,14,650,01,03B,4,216500019,VENETIAN ITALIAN EATERY,1901,TREE TOP DRIVE,EDGEWOOD,21040-1632,06/04/2021,$541.49,$20.83
650,01,17B,15,650,01,03B,5,156500405,LA TOLTECA JOPPA,1411,MOUNTAIN ROAD,EDGEWOOD,21085,12/03/2015,$519.23,$0.00
650,01,17B,16,650,01,03B,3,176500019,ISLAND SPICE CUISINE,2120,EMMORTON PARK ROAD,EDGEWOOD,21040-1066,05/24/2017,$612.02,$325.25
650,01,18B,01,650,02,03B,5,650596,CHOPSTIX GOURMET FOREST HILL,1523,ROCK SPRING ROAD,FOREST HILL,21050-2855,11/25/2009,$269.32,$0.00
650,01,18B,02,650,01,02B,4,650827,LA TOLTECA BEL AIR,2350,EAST CHURCHVILLE ROAD,BEL AIR,21015-1721,09/07/2011,$287.42,$0.00
650,01,18B,03,650,02,03B,4,650740,ENOTRIA,2,NEWPORT DRIVE,FOREST HILL,21050-1642,01/19/2011,$397.35,$27.35
650,01,18B,04,650,02,03B,6,176500029,ECHO FREZCO FOREST HILL,1517,ROCK SPRING ROAD,FOREST HILL,21050,09/19/2017,$368.66,$9.22
650,01,18B,05,650,02,03B,7,176500006,KIYOMI SUSHI,1443,ROCK SPRING ROAD,BEL AIR,21014,03/03/2017,$195.00,$0.00
650,01,18B,06,650,02,04B,2,216500043,LEDO PIZZA OF BELAIR,331,BALTIMORE PIKE,BEL AIR,21014,12/21/2021,$0.00,$0.00
650,01,18B,07,650,01,03B,2,650996,LEMON N' GINGER,3491,MERCHANT BOULEVARD,ABINGDON,21009,03/29/2013,$347.62,$0.00
650,01,19B,01,650,02,04B,4,156500439,RAINBOW KING,554,BALTIMORE PIKE,BEL AIR,21014,12/21/2015,$239.26,$0.00
650,01,19B,02,650,02,04B,7,650657,FRIENDLY'S HARFORD MALL,696,BELAIR ROAD,BEL AIR,21014,06/07/2010,$115.31,$43.99
650,01,19B,03,650,01,02B,8,6501086,INDIA GARDEN,5,BEL AIR SOUTH PARKWAY,BEL AIR,21015,03/31/2014,$149.00,$0.00
650,01,19B,04,650,01,06B,2,65065391,CHINA WOK,7916,HONEYGO BOULEVARD,NOTTINGHAM,21236,06/15/2004,$181.00,$0.00
650,01,19B,05,650,01,02B,7,236500011,LATITUDE SEAFOOD,5,BEL AIR SOUTH PARKWAY,BEL AIR,21015-6094,03/06/2023,$1663.43,$674.43
650,01,19B,06,650,02,04B,5,246500003,AKIRA RAMEN BEL AIR,111,NORTH TOLLGATE ROAD,BEL AIR,21014,01/09/2024,$92.24,$0.00
650,02,01B,01,650,03,05B,5,650585,KATANA SUSHI MT. AIRY,1311,SOUTH MAIN STREET,MT AIRY,21771-5330,10/21/2009,$210.00,$0.00
650,02,01B,02,650,03,05B,4,146500095,OLDE TOWN RESTAURANT,206,SOUTH MAIN STREET,MT AIRY,21771,07/23/2014,$185.73,$0.00
650,02,01B,03,650,03,06B,1,650729,MAMMA ANGELA,5,RIDGESIDE COURT,MT AIRY,21771,11/23/2010,$100.07,$0.00
650,02,01B,04,650,03,06B,2,650968,LEDO PIZZA OF MT. AIRY,520,EAST RIDGEVILLE BOULEVARD,MT AIRY,21771-5252,01/17/2013,$175.00,$0.00
650,02,01B,05,650,03,11B,5,176500034,IHOP CATONSVILLE,5525,BALTIMORE NATIONAL PIKE,CATONSVILLE,21228-1553,12/22/2017,$180.60,$90.30
650,02,01B,06,650,03,06B,3,236500022,LOS AZTECAS II,1604,RIDGESIDE DRIVE,MT AIRY,21771-5240,07/19/2023,$523.73,$0.00
650,02,02B,01,650,03,08B,8,216500006,PHO 5UP,11200,SCAGGSVILLE ROAD,LAUREL,20723,02/03/2021,$237.32,$0.00
650,02,02B,02,650,03,08B,7,6501075,GINZA OF TOKYO,7530,MONTPELIER ROAD,LAUREL,20723,01/20/2014,$299.56,$0.00
650,02,02B,03,650,03,07B,3,650796,ASIAN PALACE,10801,HICKORY RIDGE ROAD,COLUMBIA,21044,06/08/2011,$246.59,$0.00
650,02,02B,04,650,03,07B,4,206500001,AKIRA RAMEN - COLUMBIA ,10101,TWIN RIVERS ROAD,COLUMBIA,21044,01/15/2020,$522.10,$36.47
650,02,02B,05,650,03,07B,6,186500020,BONCHON COLUMBIA,10100,TWIN RIVERS ROAD,COLUMBIA,21044,07/03/2018,$315.62,$49.88
650,02,02B,06,650,03,07B,5,206500002,URBAN HOT POT ,10100,TWIN RIVERS ROAD,COLUMBIA,21044,01/15/2020,$373.42,$76.15
650,02,02B,07,650,03,07B,8,246500004,TAKUMI SUSHI & BAR - COLUMBIA,10300,LITTLE PATUXENT PARKWAY,COLUMBIA,21044,01/09/2024,$0.00,$0.00
650,02,03B,01,650,03,09B,4,6501076,IHOP JESSUP,7351,ASSATEAGUE DRIVE,JESSUP,20794,01/29/2014,$179.17,$89.58
650,02,03B,02,650,03,10B,5,176500030,IHOP COLUMBIA,8825,CENTRE PARK DRIVE,COLUMBIA,21045-2134,11/24/2017,$171.59,$85.79
650,02,03B,03,650,03,08B,1,216500014,DOK KHAO THAI EATERY,6000,MERRIWEATHER DRIVE,COLUMBIA,21044-3744,04/16/2021,$854.48,$71.70
650,02,03B,04,650,03,08B,3,236500002,PETER CHANG,6000,MERRIWEATHER DRIVE,COLUMBIA,21044-3744,01/02/2023,$618.20,$0.00
650,02,03B,05,650,03,08B,2,236500014,CLOVE & CARDAMOM,6000,"MERRIWEATHER DRIVE, B115",COLUMBIA,21044,05/08/2023,$204.73,$0.00
650,02,03B,06,650,03,08B,5,166500223,BLACK FLAG BREWING COMPANY,9315,SNOWDEN RIVER PARKWAY,COLUMBIA,21046,07/19/2016,$240.68,$10.68
650,02,03B,07,650,03,08B,6,226500015,LOST ARK DISTILLING,9570,BERGER ROAD,COLUMBIA,21046,07/11/2022,$259.00,$0.00
650,02,03B,08,650,03,09B,2,166500220,THE HIDEOUT,9855,WASHINGTON BOULEVARD NORTH,LAUREL,20707,07/08/2016,$538.85,$74.85
650,02,04B,01,650,03,13B,3,65077242,HUNAN L' ROSE RESTAURANT,1131,ANNAPOLIS ROAD,ODENTON,21113,04/24/2006,$376.43,$0.00
650,02,04B,02,650,03,13B,4,166500224,THREE BROTHERS ITALIAN RESTAURANT ODENTON,1139,ANNAPOLIS ROAD,ODENTON,21113,07/20/2016,$334.30,$10.42
650,02,04B,03,650,03,13B,2,236500027,THE ALL AMERICAN STEAKHOUSE - ODENTON,1502,ANNAPOLIS ROAD,ODENTON,21113-1001,09/28/2023,$1155.32,$191.32
650,02,04B,04,650,03,13B,1,236500016,PHO 5UP - ODENTON,2288,"BLUE WATER BLVD , #260",ODENTON,21113,05/04/2023,$246.00,$0.00
650,02,04B,05,650,03,13B,5,6502791,FORTUNE COOKY RESTAURANT,7978,CRAIN HIGHWAY SOUTH,GLEN BURNIE ,21061,01/26/2006,$226.76,$0.00
650,02,04B,06,650,03,13B,6,650780,FRIENDLY'S CRAIN HIGHWAY,412,CRAIN HIGHWAY SOUTH,GLEN BURNIE,21061-3645,04/19/2011,$81.58,$27.12
650,02,04B,07,650,03,15B,1,650924,EAST MOON ASIAN BISTRO & SUSHI,7400,RITCHIE HIGHWAY,GLEN BURNIE ,21061,08/08/2012,$210.00,$0.00
650,02,04B,08,650,03,15B,2,176500028,MALI THAI RESTAURANT,7477,BALTIMORE ANNAPOLIS BOULEVARD,GLEN BURNIE ,21061,09/08/2017,$210.00,$0.00
650,02,05B,01,650,03,17B,7,650691,FRIENDLY'S PASADENA,4189,MOUNTAIN ROAD,PASADENA,21122,08/24/2010,$102.23,$37.45
650,02,05B,02,650,03,17B,6,236500026,PHO DENA ,4141,MOUNTAIN ROAD,PASADENA,21122-4455,09/21/2023,$164.00,$0.00
650,02,05B,03,650,03,14B,7,650782,FRIENDLY'S RITCHIE HIGHWAY,7134,RITCHIE HIGHWAY,GLEN BURNIE ,21061-2904,04/19/2011,$132.12,$65.07
650,02,05B,04,650,03,14B,8,146500170,SAKE JAPANESE RESTAURANT & SUSHI BAR,7315,GOVERNOR RITCHIE HIGHWAY,GLEN BURNIE ,21061-3104,09/18/2014,$496.54,$0.00
650,02,05B,05,650,03,15B,3,650649,MI PUEBLO,7556,RITCHIE HIGHWAY,GLEN BURNIE ,21061-3717,05/05/2010,$450.59,$0.00
650,02,05B,06,650,03,14B,6,226500010,MI PUEBLITO,6914,RITCHIE HWY,GLEN BURNIE ,21061,06/09/2022,$603.50,$0.00
650,02,05B,07,650,03,16B,1,186500005,VILLA FLORES RESTAURANT,7693,BALTIMORE ANNAPOLIS BOULEVARD,GLEN BURNIE ,21060-7554,02/22/2018,$299.92,$0.00
650,02,06B,01,650,02,12B,4,650496,CITY VIEW RESTAURANT,6700,SECURITY BOULEVARD,WOODLAWN,21207-4038,07/21/2008,$486.20,$42.20
650,02,06B,02,650,03,11B,7,236500029,EDEN SPORTS BAR & GRILL,1401,BLOOMFIELD AVENUE,BALTIMORE,21227-1076,12/15/2023,$73.00,$0.00
650,02,06B,03,650,02,12B,3,650928,LAS VEGAS OF WOODLAWN,7091,SECURITY BOULEVARD,WOODLAWN,21244-2562,09/11/2012,$240.00,$0.00
650,02,06B,04,650,02,12B,7,226500012,THE CRAZY MASON MILKSHAKE BAR,8225,MAIN STREET,ELLICOTT CITY,21043,06/29/2022,$314.93,$17.93
650,02,06B,05,650,02,12B,6,186500038,UMI SUSHI,8167,MAIN STREET,ELLICOTT CITY,21043,12/28/2018,$380.00,$0.00
650,02,06B,06,650,03,07B,2,650500,RANAZUL,6420,FREETOWN ROAD SUITE 120,COLUMBIA,21044-4062,09/02/2008,$265.58,$89.92
650,02,07B,01,650,03,03B,5,650422,STONE MILL GOURMET TO GO,10751,FALLS ROAD,LUTHERVILLE ,21093-3619,05/25/2007,$327.25,$0.00
650,02,07B,02,650,02,10B,4,6501084,EUROPE RESTAURANT,4147,LABYRINTH ROAD,BALTIMORE,21215-2202,02/17/2014,$321.42,$0.00
650,02,07B,03,650,02,10B,5,650639,DAVID CHU'S,7105,REISTERSTOWN ROAD,BALTIMORE ,21215-1424,04/09/2010,$305.00,$0.00
650,02,07B,04,650,02,10B,8,196500001,PUNTA CANA RESTAURANT,1330,REISTERSTOWN ROAD,PIKESVILLE,21208,12/31/2018,$0.00,$0.00
650,02,07B,05,650,02,11B,1,176500032,BRAVO RESTAURANT,1430,REISTERSTOWN ROAD,PIKESVILLE,21208-3843,12/14/2017,$283.40,$0.00
650,02,07B,06,650,02,10B,6,186500034,DOMINO'S PIZZA PIKESVILLE #4629,607,REISTERSTOWN ROAD,PIKESVILLE,21208-5115,12/17/2018,$195.00,$0.00
650,02,08B,01,650,03,13B,7,650661,LOS PORTALES,6938,AVIATION BOULEVARD,GLEN BURNIE ,21061-2576,06/11/2010,$445.00,$0.00
650,02,08B,02,650,03,12B,1,206500011,ROYAL SPICE ,810,NURSERY ROAD,LINTHICUM HEIGHTS,21090-1304,10/20/2020,$278.88,$35.85
650,02,08B,03,650,03,12B,3,156500201,TORO BRAVO,802,PINNACLE DRIVE,LINTHICUM HEIGHTS,21090,06/25/2015,$315.58,$0.00
650,02,08B,05,650,03,13B,8,650597,WILLY'S RESTAURANT,7271,BALTIMORE ANNAPOLIS BOULEVARD,GLEN BURNIE ,21061,12/21/2009,$205.34,$0.00
650,02,"08B,19B","04,02",650,03,12B,4,186500013,GLORY DAYS GRILL - LINTHICUM,1616,WEST NURSERY ROAD,LINTHICUM HEIGHTS,21090,05/15/2018,$1350.93,$880.57
650,02,09B,01,650,02,07B,8,216500028,KABUTO - JOPPA ,8810 ,WALTHAM WOODS ROAD,PARKVILLE,21234,08/12/2021,$374.90,$38.57
650,02,09B,02,650,01,05B,6,650485,VALENTINO'S RESTAURANT,6627,HARFORD ROAD,BALTIMORE,21214-1306,06/04/2008,$812.72,$12.72
650,02,09B,03,650,01,05B,7,156500378,SILVER QUEEN CAFE,5427,HARFORD ROAD,BALTIMORE,21214-2217,10/13/2015,$290.36,$20.17
650,02,09B,04,650,01,05B,8,226500032,CAFE CAMPLI,4801,HARFORD ROAD,BALTIMORE,21214-2935,12/05/2022,$300.83,$60.83
650,02,09B,05,650,03,11B,3,650561,G.L. SHACKS CATONSVILLE,583,FREDERICK ROAD,CATONSVILLE,21228,05/20/2009,$600.08,$174.85
650,02,09B,06,650,03,11B,4,65035326,PHO 1,5764,BALTIMORE NATIONAL PIKE,CATONSVILLE,21228,08/28/2003,$302.34,$31.65
650,02,09B,07,650,03,11B,6,196500002,THAI HEAVEN RESTAURANT,6413,FREDERICK ROAD,CATONSVILLE,21228-3504,01/07/2019,$230.00,$0.00
650,02,10B,01,650,01,07B,5,650892,ROSARIO'S RESTAURANT,7301,PULASKI HIGHWAY,ROSEDALE,21237-2527,05/15/2012,$863.91,$0.00
650,02,10B,02,650,01,15B,7,236500006,TUERK HOUSE,730,ASHBURTON STREET,BALTIMORE,21216-4703,01/10/2023,$386.20,$0.00
650,02,10B,03,650,01,14B,3,216500031,SAKOON INDIAN FUSION,3105 B,ST. PAUL STREET,BALTIMORE,21218,09/07/2021,$189.00,$0.00
650,02,10B,04,650,01,14B,5,65040034,CHARLES VILLAGE PUB ,3107,SAINT PAUL STREET,BALTIMORE,21218-3841,03/14/2002,$272.26,$0.00
650,02,10B,05,650,01,14B,6,65086721,TAMBERS NIFTY FIFTY,3327,SAINT PAUL STREET,BALTIMORE,21218-3254,05/16/2006,$185.00,$0.00
650,02,10B,06,650,02,09B,1,166500205,CYPRIANA ,105,WEST 39TH STREET,BALTIMORE,21210,04/28/2016,$827.22,$88.22
650,02,10B,07,650,01,14B,7,226500016,KAJIKEN,7,EAST 33RD STREET,BALTIMORE,21218,07/15/2022,$298.45,$0.00
650,02,10B,08,650,01,14B,4,236500019,TOKI UNDERGROUND,2731,GREENMOUNT AVENUE,BALTIMORE,21218-4496,06/21/2023,$277.18,$31.18
650,02,11B,01,650,03,01B,3,186500027,DOMINO'S PIZZA CHAMBERSBURG #4776,1515,LINCOLN WAY EAST,CHAMBERSBURG,17202-3316,09/21/2018,$205.00,$0.00
650,02,11B,02,650,03,01B,1,216500026,LEDO PIZZA OF CHAMBERSBURG,1300,LINCOLN WAY EAST,CHAMBERSBURG,17202,07/12/2021,$266.13,$41.13
650,02,11B,03,650,03,01B,2,216500042,DOMINO'S PIZZA CHAMBERSBURG #4775,408,E. QUEEN STREET,CHAMBERSBURG,17201,12/01/2021,$244.00,$0.00
650,02,11B,04,650,03,01B,5,650942,AKI JAPANESE STEAKHOUSE,1150,CARLISLE STREET,HANOVER,17331,10/17/2012,$378.71,$0.00
650,02,12B,01,650,02,01B,5,650512,THE SODA JERK DINER,403,EAST MAIN STREET,HUMMELSTOWN,17036-1861,10/20/2008,$750.00,$0.00
650,02,12B,02,650,02,01B,1,206500013,SIMPLY GREEK,23,BRIARCREST SQUARE,HUMMELSTOWN,17033,10/22/2020,$220.00,$0.00
650,02,12B,03,650,02,02B,2,246500006,ICHIBAN,1870,FRUITVILLE PIKE,LANCASTER,17601,01/23/2024,$142.13,$42.47
650,02,12B,04,650,02,02B,1,216500037,MISSION BBQ - LANCASTER ,2002,FRUITVILLE PIKE,LANCASTER,17601-7200,11/17/2021,$875.25,$44.53
650,02,13B,01,650,02,01B,3,196500026,MISSION BBQ - CAMP HILL ,25,NORTH 32ND STREET,MECHANICSBURG,17011-2918,08/12/2019,$1053.63,$53.44
650,02,13B,02,650,03,01B,4,216500022,J & J'S ASIAN RESTAURANT ,34,BALTIMORE STREET,GETTYSBURG,17325,07/01/2021,$0.00,$0.00
650,02,13B,03,650,02,01B,4,176500009,MISSION BBQ HARRISBURG,5045,JONESTOWN ROAD,HARRISBURG,17112-2922,03/29/2017,$641.65,$35.63
650,02,13B,04,650,02,01B,2,196500035,DOMINO'S PIZZA HARRISBURG,479,EISENHOWER BOULEVARD,HARRISBURG,17111-2302,12/17/2019,$239.00,$0.00
650,02,13B,05,650,02,03B,2,196500017,J&B'S GRILL ,14,NORTH MAIN STREET,SHREWSBURY,17361-1322,06/20/2019,$216.64,$0.00
650,02,13B,06,650,02,03B,3,176500014,ECHO FREZCO SHREWSBURY,634,SHREWSBURY COMMONS AVENUE,SHREWSBURY,17361,04/13/2017,$215.00,$0.00
650,02,14B,01,650,02,02B,4,196500007,DOMINO'S PIZZA YORK #4785,1539,MOUNT ROSE AVENUE,YORK,17403,01/30/2019,$195.00,$0.00
650,02,14B,02,650,02,03B,1,6501030,MISSION BBQ YORK,970,LOUCKS ROAD,YORK,17404-2273,06/26/2013,$1053.63,$53.44
650,02,14B,03,650,02,02B,3,650994,GUADALAJARA RESTAURANT,2600,EAST MARKET STREET,YORK,17402-2425,04/03/2013,$215.00,$0.00
650,02,14B,04,650,02,02B,6,186500032,DOMINO'S PIZZA YORK  #4778,930,SOUTH RICHLAND AVENUE,YORK,17403,12/17/2018,$269.42,$0.00
650,02,14B,05,650,02,02B,8,186500033,DOMINO'S PIZZA YORK #4783,351,LOUCKS ROAD,YORK,17404,12/17/2018,$319.84,$0.00
650,02,14B,06,650,02,02B,7,176500027,DISTRICT THAI,1057,NORTH GEORGE STREET,YORK,17404,09/08/2017,$271.25,$31.25
650,02,14B,07,650,02,02B,5,236500024,AA TO ZZ CHILD CARE,215,SAINT CHARLES WAY,YORK,17402-4643,09/11/2023,$165.70,$0.00
650,02,15B,01,650,03,03B,1,166500222,KECCO'S NEOPOLITAN,114,WESTMINSTER PIKE,REISTERSTOWN,21136,07/15/2016,$368.17,$51.75
650,02,15B,02,650,03,03B,7,156500214,MESSIAH COMMUNITY CHURCH,909,BERRYMANS LANE,REISTERSTOWN,21136-6010,06/29/2015,$0.00,$0.00
650,02,15B,03,650,03,03B,6,176500013,LA TOLTECA OWINGS MILLS,11515,REISTERSTOWN ROAD,OWINGS MILLS,21117-1815,04/13/2017,$216.01,$0.00
650,02,15B,04,650,01,07B,2,6501022,KABUTO,8813,PULASKI HIGHWAY,ESSEX,21221,06/10/2013,$577.57,$0.00
650,02,15B,05,650,02,10B,1,650866,YAMA SUSHI BAR BALTIMORE,1030,WEST 41ST STREET,BALTIMORE,21211,01/13/2012,$262.23,$0.00
650,02,15B,06,650,02,10B,7,65094406,MR CHAN'S SZECHUAN REST,1000,REISTERSTOWN ROAD,PIKESVILLE,21208-4206,03/06/2001,$60.00,$0.00
650,02,16B,01,650,02,08B,8,196500027,A1 SUSHI,438,E BELVEDERE AVE,BALTIMORE,21212,08/29/2019,$0.00,$0.00
650,02,16B,02,650,02,09B,8,186500012,18-8 SUSHI,727,WEST 40TH STREET,BALTIMORE,21211,05/03/2018,$215.00,$0.00
650,02,16B,03,650,02,09B,7,6503727,THE WINE SOURCE,3601,ELM AVENUE,BALTIMORE,21211-2402,11/01/2001,$145.28,$0.00
650,02,16B,04,650,02,09B,3,166500233,FIVE AND DIME ALE HOUSE,901,WEST 36TH STREET,BALTIMORE,21211,09/19/2016,$0.00,$0.00
650,02,16B,05,650,02,09B,4,65093180,SUZIE'S SOBA,1009,WEST 36TH STREET,BALTIMORE,21211-2416,07/14/1998,$0.00,$0.00
650,02,16B,06,650,02,05B,6,650768,CAFE SPICE INDIA CUISINE,10540,YORK ROAD,COCKEYSVILLE,21030,03/15/2011,$334.42,$0.00
650,02,17B,01,650,02,09B,5,650387,GOLDEN WEST ,1105,WEST 36TH STREET,BALTIMORE,21211,12/12/2006,$903.48,$147.70
650,02,17B,02,650,02,09B,6,216500039,GRANO PASTA BAR,1031,W 36TH ST,BALTIMORE,21210,11/01/2021,$244.53,$0.00
650,02,17B,03,650,01,15B,2,156500396,COSIMA,3000,FALLS ROAD,BALTIMORE,21211,11/04/2015,$896.04,$315.80
650,02,17B,04,650,02,10B,2,206500003,THE WINE COLLECTIVE,1700,WEST 41ST STREET,BALTIMORE,21211-1431,01/17/2020,$440.00,$0.00
650,02,17B,05,650,01,14B,8,236500018,BE.BIM KOREAN BBQ,301,WEST 29TH STREET,BALTIMORE,21211-2910,06/19/2023,$240.00,$0.00
650,02,17B,06,650,02,09B,2,166500242,DYLAN'S OYSTER CELLAR,3601,CHESTNUT AVENUE,BALTIMORE,21211-2530,10/25/2016,$212.08,$0.00
650,02,18B,01,650,01,05B,5,650502,HOUSE OF KABOB,8025,HARFORD ROAD,PARKVILLE,21234,09/04/2008,$224.12,$9.12
650,02,18B,01,650,01,06B,1,246500008,JUICY KING CRAB,7916,BELAIR ROAD,NOTTINGHAM,21236,02/27/2024,$0.00,$0.00
650,02,18B,02,650,02,08B,2,650723,REMO'S OF N.Y.,8811,WALTHAM WOODS ROAD,PARKVILLE,21234,01/01/2011,$254.98,$0.00
650,02,18B,03,650,02,08B,1,65094668,LUCKY INN RESTAURANT,8924,WALTHAM WOODS ROAD,PARKVILLE,21234,07/18/1990,$225.00,$0.00
650,02,18B,04,650,02,08B,6,156500024,EL TROVADOR MERCADO LATINO,2523,PUTTY HILL AVENUE,PARKVILLE,21234-4307,02/04/2015,$220.36,$0.00
650,02,18B,05,650,02,08B,3,65093551,EL SALTO PARKVILLE,8816,WALTHAM WOODS ROAD,PARKVILLE,21234-2402,04/20/1999,$271.95,$0.00
650,02,18B,06,650,02,08B,5,206500010,URBAN CRAB SHACK,1991,EAST JOPPA ROAD,PARKVILLE,21234-2733,09/16/2020,$618.48,$70.95
650,02,18B,07,650,02,07B,7,246500001,BIRRIA LOVE,1742,EAST JOPPA ROAD,PARKVILLE,21234-3620,01/09/2024,$82.00,$0.00
650,02,19B,01,650,01,13B,2,226500023,ROSINA'S GOURMET,300,EAST LOMBARD STREET,BALTIMORE,21202-3219,09/27/2022,$297.00,$0.00
650,02,19B,03,650,02,15B,4,246500005,BLACK FLAG SOCIAL HOUSE,2050,MARRIOTTSVILLE ROAD,MARRIOTTSVILLE,21104,01/09/2024,$608.54,$133.62
650,02,19B,04,650,02,15B,6,166500231,ASIAN COURT,11105,RESORT ROAD,ELLICOTT CITY,21042,08/31/2016,$324.48,$0.00
650,02,19B,05,650,02,15B,5,156500138,PAPER LANTERN ,2020,MARRIOTTSVILLE ROAD,MARRIOTTSVILLE,21104,04/27/2015,$230.00,$0.00
650,02,20B,01,650,03,09B,1,216500003,KUNG FU TEA,14708,BALTIMORE AVENUE,LAUREL,20707-5008,01/04/2021,$0.00,$0.00
650,03,01B,04,650,01,05B,2,650944,MISSION BBQ NOTTINGHAM,4132,EAST JOPPA ROAD,NOTTINGHAM,21236,10/22/2012,$755.71,$233.59
650,03,01B,07,650,02,07B,5,226500026,LEDO PIZZA TOWSON,1238,PUTTY HILL AVE STE 104,TOWSON,21286,09/28/2022,$339.62,$94.62
650,03,"01B,10","06,08",650,02,06B,8,206500014,MISSION BBQ - TOWSON,740,YORK ROAD,TOWSON,21204-2503,11/05/2020,$778.97,$147.24
650,03,"01B,11","01,03",650,02,11B,3,166500235,MISSION BBQ OWINGS MILLS,10140,REISTERSTOWN ROAD,OWINGS MILLS,21117-3815,09/23/2016,$738.96,$107.23
650,03,"01B,11","02,02",650,02,12B,5,65093711,DOUBLE T DINER - CATONSVILLE,6300,BALTIMORE NATIONAL PIKE,CATONSVILLE,21228-3901,10/05/1999,$1715.42,$541.70
650,03,"01B,11","03,01",650,01,05B,3,6501006,THE ALL AMERICAN STEAKHOUSE,3615,EAST JOPPA ROAD,PARKVILLE,21234,05/01/2013,$1202.14,$180.33
650,03,"01B,11","05,04",650,01,11B,2,196500008,SWEETGREEN - HARBOR EAST,1306,FLEET STREET,BALTIMORE,21231,01/30/2019,$1054.97,$706.65
650,03,02B,01,650,02,11B,4,650554,KAVKAZ KEBAB,10902,BOULEVARD CIRCLE,OWINGS MILLS,21117,06/01/2009,$215.00,$0.00
650,03,02B,02,650,02,11B,5,156500358,EDOMAE SUSHI,10995,OWINGS MILLS BOULEVARD,OWINGS MILLS,21117,09/15/2015,$205.00,$0.00
650,03,02B,03,650,02,11B,7,156500029,LEDO PIZZA OF OWINGS MILLS,9706,GROFFS MILL DRIVE,OWINGS MILLS,21117,02/13/2015,$210.00,$0.00
650,03,02B,04,650,02,12B,1,186500035,DOMINO'S PIZZA RANDALLSTOWN #4696,3502,BRENBROOK DRIVE,RANDALLSTOWN,21133-4902,12/17/2018,$195.00,$0.00
650,03,02B,07,650,02,11B,6,236500004,AKIRA RAMEN - OWINGS MILLS,10200,"MILL RUN CIRCLE, STE 104",OWINGS MILLS,21117,01/18/2023,$225.00,$0.00
650,03,02B,08,650,02,11B,8,236500007,NOT JUST CRAB,8731,LIBERTY ROAD,RANDALLSTOWN,21133,02/10/2023,$481.06,$0.00
650,03,"02B,12","05,01",650,02,06B,6,650399,BLUE STONE RESTAURANT,11,WEST AYLESBURY ROAD,TIMONIUM,21093-4102,02/16/2007,$2518.50,$0.00
650,03,"02B,12","06,02",650,03,03B,4,650946,MICHAEL'S CAFE,2119,YORK ROAD,TIMONIUM,21093-3110,11/02/2012,$3047.01,$1025.92
650,03,03B,01,650,03,09B,7,65052084,NOTTINGHAM'S,8850,STANFORD BOULEVARD,COLUMBIA,21045,07/10/2006,$905.80,$211.33
650,03,03B,02,650,03,09B,8,650856,THE MANGO GROVE RESTAURANT,8865,STANFORD BOULEVARD,COLUMBIA,21045,12/01/2011,$262.50,$0.00
650,03,03B,03,650,03,08B,4,650494,ANLOI RESTAURANT,7104,MINSTREL WAY,COLUMBIA,21045-5539,07/29/2008,$337.89,$0.00
650,03,03B,04,650,03,12B,7,650810,RANGOLI RESTAURANT,7791,ARUNDEL MILLS BOULEVARD,HANOVER,21076,08/15/2011,$678.68,$157.13
650,03,03B,05,650,03,12B,8,196500030,MAI DRAGON,2647,ANNAPOLIS ROAD,HANOVER,21076-1262,10/04/2019,$250.23,$0.00
650,03,03B,06,650,03,12B,6,226500001,TOMO ASIAN CUISINE,7698,DORCHESTER BOULEVARD,HANOVER,21076-1946,01/18/2022,$240.00,$0.00
650,03,03B,07,650,03,09B,3,226500005,CHOPS BY RERA,10983,GUILFORD ROAD,JESSUP,20701,04/18/2022,$174.89,$0.00
650,03,03B,08,650,03,07B,7,226500024,NORA'S KABOB COLUMBIA,10300,LITTLE PATUXENT PARKWAY,COLUMBIA,21044,09/05/2022,$280.70,$40.70
650,03,04B,01,650,03,09B,6,236500025,FLAVORS OF INDIA,7185,COLUMBIA GATEWAY DRIVE,COLUMBIA,21046,09/11/2023,$246.00,$0.00
650,03,04B,02,650,03,11B,2,65022116,CHOPSTIXX CAFE,7260,MONTGOMERY ROAD,ELKRIDGE,21075-9100,09/10/2006,$225.00,$0.00
650,03,04B,03,650,03,11B,1,186500001,LEDO PIZZA OF ELKRIDGE,7190,TROY HILL DRIVE,ELKRIDGE,21075-7055,01/23/2018,$598.76,$271.77
650,03,04B,04,650,03,10B,8,650559,KATANA SUSHI ELKRIDGE,6060,MARSHALEE DRIVE,ELKRIDGE,21075-5991,06/01/2009,$215.00,$0.00
650,03,04B,05,650,03,09B,5,6501038,RUDY'S MEDITERRANEAN GRILL,7185,COLUMBIA GATEWAY DRIVE,COLUMBIA,21046,08/06/2013,$360.35,$14.17
650,03,04B,06,650,03,10B,6,650538,COAL FIRE PIZZA ELLICOTT CITY,5725,RICHARDS VALLEY ROAD,ELLICOTT CITY,21043,03/12/2009,$871.40,$427.23
650,03,04B,07,650,03,10B,7,650800,EAST MOON ASIAN BISTRO,5725,RICHARDS VALLEY ROAD,ELLICOTT CITY,21043,07/06/2011,$314.09,$0.00
650,03,04B,08,650,02,14B,5,650599,YAMA SUSHI ELLICOTT CITY,4725-G,DORSEY HALL DRIVE,ELLICOTT CITY,21042,12/18/2009,$223.51,$0.00
650,03,04B,09,650,03,10B,1,186500023,MAIWAND KABOB,6131,COLUMBIA CROSSING CIRCLE,COLUMBIA,21045-8208,08/31/2018,$310.58,$0.00
650,03,"05,10B","04,07",650,02,08B,4,226500007,CHARM CITY BUFFET,2033,EAST JOPPA ROAD,PARKVILLE,21234,05/23/2022,$1110.79,$13.23
650,03,05B,01,650,03,07B,1,166500213,MINT INDIAN CUISINE,12447,CLARKSVILLE PIKE,CLARKSVILLE,21029,06/02/2016,$282.23,$0.00
650,03,05B,02,650,03,06B,4,650354,CATTAIL CREEK COUNTRY CLUB,3600,CATTAIL CREEK DRIVE,GLENWOOD,21738-9648,09/11/2006,$1880.44,$384.77
650,03,05B,03,650,03,06B,6,216500017,MARY'S LAND FARM,4979,SHEPPARD LANE,ELLICOTT CITY,21042,05/20/2021,$75.00,$0.00
650,03,05B,05,650,03,06B,7,236500012,MAIWAND KABOB - CLARKSVILLE,12165,CLARKSVILLE PIKE #300,CLARKSVILLE,21029,04/10/2023,$246.00,$0.00
650,03,05B,07,650,03,06B,8,156500003,KATANA SUSHI CLARKSVILLE,6343,TEN OAKS ROAD,CLARKSVILLE,21029,01/06/2015,$271.84,$0.00
650,03,"05B,14","06,01",650,01,08B,3,146500016,JIMMY'S FAMOUS SEAFOOD,6526,HOLABIRD AVENUE,BALTIMORE,21224-6244,05/01/2014,$2044.11,$91.13
650,03,"05B,15","08,07",650,03,16B,2,216500010,MISSION BBQ - WESTMINSTER,584,JERMOR LANE,WESTMINSTER,21157-6126,02/22/2021,$881.27,$190.51
650,03,"06,17B","04,06",650,03,17B,4,65078800,GLORY DAYS GRILL - GLEN BURNIE,7939,RITCHIE HIGHWAY,GLEN BURNIE ,21060,12/20/2002,$1539.02,$913.37
650,03,"06,17B","06,01",650,03,17B,3,146500068,PARK TAVERN,580,GOVERNOR RITCHIE HIGHWAY,SEVERNA PARK ,21146,07/03/2014,$1585.37,$784.20
650,03,06B,01,650,03,16B,8,6501026,MI PUEBLO II,554,GOVERNOR RITCHIE HIGHWAY,SEVERNA PARK ,21146,06/27/2013,$646.09,$0.00
650,03,06B,02,650,03,17B,8,6501010,LIFE PHO,484,RITCHIE HIGHWAY,SEVERNA PARK ,21146,05/07/2013,$308.62,$0.00
650,03,06B,03,650,03,16B,6,650918,PICANTILLO,4590,MOUNTAIN ROAD,PASADENA,21122-5330,08/14/2012,$342.43,$0.00
650,03,06B,05,650,03,16B,5,186500003,BONCHON PASADENA,8159,RITCHIE HIGHWAY,PASADENA,21122,01/30/2018,$244.98,$0.00
650,03,06B,07,650,03,17B,5,196500036,EAST WEST BISTRO ,8151,RITCHIE HIGHWAY,PASADENA,21122,12/12/2019,$422.25,$45.35
650,03,06B,08,650,02,14B,3,216500007,PASSION ASIAN BISTRO,25,MAGOTHY BEACH ROAD,PASADENA,21122-4461,02/11/2021,$265.58,$0.00
650,03,"07,16B","04,04",650,02,15B,1,166500215,MISSION BBQ ELLICOTT CITY,3410,PLUMTREE DRIVE,ELLICOTT CITY,21042,06/15/2016,$877.76,$98.45
650,03,"07,17B","03,03",650,02,15B,3,156500186,GLORY DAYS GRILL - ELLICOTT CITY,10035,BALTIMORE NATIONAL PIKE,ELLICOTT CITY,21042,06/15/2015,$1395.45,$643.08
650,03,07B,02,650,02,14B,4,65085524,SAKURA OF ELLICOTT CITY,10040,BALTIMORE NATIONAL PIKE,ELLICOTT CITY,21042,01/14/2003,$657.02,$252.23
650,03,07B,05,650,02,15B,8,166500029,NIKO,3570,SAINT JOHNS LANE,ELLICOTT CITY,21042,02/01/2016,$230.00,$0.00
650,03,"07B,17","01,04",650,02,12B,8,65093606,DOUBLE T DINER - ELLICOTT CITY,10055,BALTIMORE NATIONAL PIKE,ELLICOTT CITY,21042-3611,06/29/1999,$2324.45,$1517.37
650,03,"07B,18","06,01",650,03,10B,3,226500003,THE ALL AMERICAN STEAKHOUSE - ELLICOTT CITY,8450,BALTIMORE NATIONAL PIKE,ELLICOTT CITY,21043,02/04/2022,$1596.28,$628.17
650,03,"08,16B","05,01",650,03,10B,2,650934,ALE HOUSE COLUMBIA,6480,DOBBIN CENTER WAY,COLUMBIA,21045,10/05/2012,$1754.77,$801.07
650,03,"08,16B","06,03",650,01,15B,6,146500058,MISSION BBQ COLUMBIA,6270,COLUMBIA CROSSING CIRCLE,COLUMBIA,21045,06/24/2014,$931.70,$130.50
650,03,08B,01,650,03,17B,2,650615,N.M. CARROLL MANOR,701,NORTH ARLINGTON AVENUE,BALTIMORE,21217-2455,03/01/2010,$335.00,$0.00
650,03,08B,02,650,03,16B,7,216500023,APRIL'S TABLE ,544,BALTIMORE ANNAPOLIS BOULEVARD,SEVERNA PARK ,21146,07/01/2021,$260.00,$0.00
650,03,08B,03,650,03,12B,5,216500036,THE SOCIAL ,139,RITCHIE HIGHWAY,SEVERNA PARK ,21146,10/07/2021,$470.72,$9.22
650,03,08B,04,650,02,13B,5,226500004,PHO 5UP - HANOVER,1350,DORSEY ROAD,HANOVER,21076,01/24/2022,$240.00,$0.00
650,03,"09,16B","02,02",650,03,04B,4,65091580,SHANNON'S SALOON & RESTAURANT,9338,BALTIMORE NATIONAL PIKE,ELLICOTT CITY,21042-2805,12/29/2003,$2158.73,$1366.50
650,03,"09,19B","01,01",650,02,14B,1,650787,GLORY DAYS GRILL - ELDERSBURG,1348,LIBERTY ROAD,ELDERSBURG,21784-6411,04/29/2011,$1250.41,$646.85
650,03,09B,03,650,02,15B,2,166500210,NORA'S KABOB ELLICOTT CITY,9338,BALTIMORE NATIONAL PIKE,ELLICOTT CITY,21042-2805,05/16/2016,$240.60,$20.60
650,03,09B,04,650,02,13B,2,156500402,ZEN GARDEN,10039,BALTIMORE NATIONAL PIKE,ELLICOTT CITY,21042,12/03/2015,$136.67,$0.00
650,03,09B,05,650,02,13B,6,176500010,K POCHA,8801,BALTIMORE NATIONAL PIKE,ELLICOTT CITY,21043,03/30/2017,$215.00,$0.00
650,03,09B,06,650,01,07B,1,650433,HAN JOONG KWAN,9338,BALTIMORE NATIONAL PIKE,ELLICOTT CITY,21042-2805,08/15/2007,$288.00,$21.10
650,03,10B,01,650,01,04B,1,65094414,DELLIS' BAR & GRILL,8776,PHILADELPHIA ROAD,ROSEDALE,21237,04/25/2001,$1083.67,$360.93
650,03,10B,02,650,01,07B,3,146500020,TACO LOVE GRILL,11550,PHILADELPHIA ROAD,WHITE MARSH,21162,05/16/2014,$895.26,$248.22
650,03,10B,03,650,01,07B,4,156500451,ENDY'S GRILL,1328,EASTERN BOULEVARD,ESSEX,21221,12/30/2015,$285.00,$0.00
650,03,10B,04,650,02,10B,3,186500026,WOODY'S PUB GRUB,11,MARGARET AVENUE,ESSEX,21221-6704,09/21/2018,$0.00,$0.00
650,03,10B,05,650,03,12B,2,216500020,O'FISHEL KOSHER CATERERS ,7000,ROCKLAND HILLS DRIVE,PIKESVILLE,21209-1112,03/15/2021,$63.00,$0.00
650,03,10B,06,650,03,02B,4,216500011,HEAVY SEAS BREWING ,4615,HOLLINS FERRY ROAD,HALETHORPE,21227-4624,03/30/2021,$260.00,$0.00
650,03,11B,05,650,03,14B,4,650616,LEDO PIZZA OF GLEN BURNIE,16,EAST ORDNANCE ROAD,GLEN BURNIE ,21060,02/23/2010,$320.47,$85.47
650,03,11B,06,650,03,14B,5,6501032,YAMA SUSHI BAR GLEN BURNIE,6714,RITCHIE HIGHWAY,GLEN BURNIE ,21061-2870,07/17/2013,$270.04,$0.00
650,03,11B,07,650,03,15B,5,146500247,MISSION BBQ GLEN BURNIE,7748,RITCHIE HIGHWAY,GLEN BURNIE ,21061-4378,11/25/2014,$1023.02,$423.27
650,03,11B,08,650,03,14B,3,6501057,LITTLE INDIA CAFE,20,EAST ORDNANCE ROAD,GLEN BURNIE ,21060,09/24/2013,$316.35,$27.35
650,03,11B,09,650,03,15B,4,216500005,CRAZY CRAB,805,AQUAHART ROAD,GLEN BURNIE ,21061-3968,01/14/2021,$548.81,$64.05
650,03,12B,03,650,02,04B,1,650862,THE ORIENT RESTAURANT BEL AIR,15,NORTH MAIN STREET,BEL AIR,21014-3537,12/12/2011,$213.83,$0.00
650,03,12B,04,650,02,04B,3,65097161,SAKURA OF BEL AIR,615,BELAIR ROAD,BEL AIR,21014,10/12/2001,$487.14,$126.43
650,03,12B,05,650,01,03B,1,650814,SIZZLING BOMBAY,2108,OLD EMMORTON ROAD,BEL AIR,21015-6800,08/02/2011,$240.00,$0.00
650,03,12B,06,650,02,04B,6,216500035,MISSION BBQ - BEL AIR ,627 ,BEL AIR ROAD,BEL AIR,21014,10/14/2021,$783.65,$89.07
650,03,12B,07,650,01,02B,6,236500001,HUO GUO BEL AIR,5,BEL AIR S PKWY,BEL AIR,21015,12/30/2022,$478.52,$0.00
650,03,13B,01,650,01,07B,7,650470,SCOOZZI'S RESTAURANT,7625,GERMAN HILL ROAD,DUNDALK,21222,04/15/2008,$399.00,$0.00
650,03,13B,02,650,01,07B,6,650894,HIBACHI GRILL & BUFFET,7911,EASTERN AVENUE,BALTIMORE ,21224-2141,06/11/2012,$1010.08,$0.00
650,03,13B,03,650,01,05B,1,650936,PHO 7 RICH,4136,EAST JOPPA ROAD,NOTTINGHAM,21236-2286,10/10/2012,$246.98,$0.00
650,03,13B,04,650,01,08B,2,65047797,BOULEVARD DINER,1660,MERRITT BOULEVARD,DUNDALK,21222,04/04/2002,$1945.40,$796.98
650,03,13B,05,650,01,04B,2,6501056,BOMBAY NIGHTS,5007,HONEYGO CENTER DRIVE,PERRY HALL ,21128,05/01/2013,$275.00,$0.00
650,03,13B,06,650,01,08B,4,236500003,LAS ESPERANZAS CAFE 3 ,6500,EASTERN AVE,BALTIMORE,21224,01/03/2023,$347.66,$0.00
650,03,15B,01,650,03,02B,1,206500004,WESTMINSTER ELKS LODGE,538,GORSUCH ROAD,WESTMINSTER,21157-6530,01/24/2020,$396.27,$136.27
650,03,15B,02,650,03,02B,3,166500228,KATANA SUSHI WESTMINSTER,410,MEADOW CREEK DRIVE,WESTMINSTER,21158,08/15/2016,$220.72,$10.72
650,03,15B,03,650,03,02B,2,65048493,SAKURA OF WESTMINSTER,5,WESTMINSTER SHOPPING CENTER,WESTMINSTER,21157,09/25/2003,$646.73,$249.98
650,03,15B,04,650,03,02B,5,216500038,OLD WESTMINSTER WINERY,1550 ,OLD WESTMINSTER RD,WESTMINSTER,21157,11/01/2021,$349.75,$0.00
650,03,15B,05,650,03,05B,3,226500006,TONY LOCOS,710,LISBON CENTER DR,SYKESVILLE,21797,04/18/2022,$678.24,$107.48
650,03,15B,06,650,02,11B,2,236500005,SAKE JAPANESE STEAKHOUSE,10090,REISTERSTOWN ROAD,OWINGS MILLS,21117,01/26/2023,$753.63,$0.00
650,03,16B,05,650,02,14B,2,186500006,HANG ARI,9380,BALTIMORE NATIONAL PIKE,ELLICOTT CITY,21042,03/01/2018,$240.39,$0.00
650,03,16B,06,650,03,10B,4,226500022,TAICHI BUBBLE TEA,6250,"COLUMBIA CROSSING CIRCLE
STE D",COLUMBIA,21045,08/20/2022,$240.00,$0.00
650,03,16B,07,650,02,13B,4,216500027,KUNG FU TEA ,9210,BALTIMORE NATIONAL PIKE,ELLICOTT CITY,21042,08/06/2021,$160.40,$160.40
650,03,17B,02,650,03,17B,1,206500012,ROMILOS,478A,RITCHIE HIGHWAY,SEVERNA PARK ,21146,10/21/2020,$305.43,$0.00
650,03,17B,05,650,02,15B,7,186500007,SIROO & JUK STORY,10176,BALTIMORE NATIONAL PIKE,ELLICOTT CITY,21042,03/07/2018,$266.78,$0.00
650,03,17B,07,650,03,16B,3,65094262,SAKURA OF GLEN BURNIE,34,MOUNTAIN ROAD,GLEN BURNIE ,21060-7974,12/05/2000,$619.38,$301.75
650,03,17B,08,650,03,16B,4,166500126,GENERAL HOUSE,60,MOUNTAIN ROAD,GLEN BURNIE ,21060-7974,03/10/2016,$230.00,$0.00
650,03,18B,02,650,02,13B,3,226500028,BBQ CHICKEN,8801,"BALTIMORE NATIONAL PIKE,  K",ELLICOTT CITY,21043,10/03/2022,$268.18,$0.00
650,03,18B,03,650,01,15B,8,206500007,FAYETTE HOUSE ,15,SOUTH FULTON AVENUE,BALTIMORE,21217,05/04/2020,$239.00,$0.00
650,03,18B,04,650,03,06B,5,650514,TEN OAKS TAVERN,3900,TEN OAKS ROAD,GLENELG,21737,10/27/2008,$391.07,$0.00
650,03,18B,05,650,03,05B,2,226500002,DANDELION BAKERY,7556,WEST MAIN STREET,SYKESVILLE,21784-7313,01/28/2022,$289.43,$20.17
650,03,18B,06,650,02,13B,1,65062066,LEDO PIZZA OF ELLICOTT CITY,8480,BALTIMORE NATIONAL PIKE,ELLICOTT CITY,21043,11/18/2002,$468.97,$143.58
650,03,19B,02,650,03,05B,1,650362,AMANTE PIZZA & PASTA,21,LIBERTY ROAD,SYKESVILLE,21784-8633,08/17/2006,$370.45,$0.00
650,03,19B,03,650,03,04B,6,166500009,G.L. SHACKS ELDERSBURG,1207,LIBERTY ROAD,ELDERSBURG,21784,01/15/2016,$404.95,$163.47
650,03,19B,04,650,03,04B,5,166500207,LOS AZTECAS,1213,LIBERTY ROAD,SYKESVILLE,21784,05/02/2016,$629.95,$0.00
650,03,19B,05,650,03,03B,8,650464,JY TOKYO MARKET,1437,LIBERTY LAKE DRIVE,ELDERSBURG,21784,02/13/2008,$264.33,$0.00
650,03,19B,06,650,03,04B,2,166500203,CHINA DRAGON,6300,GEORGETOWN BOULEVARD,SYKESVILLE,21784,04/12/2016,$215.00,$0.00
650,03,19B,07,650,03,04B,1,166500218,NORA'S KABOB ELDERSBURG,6300,GEORGETOWN BOULEVARD,SYKESVILLE,21784,06/29/2016,$324.60,$63.13
650,03,19B,08,650,03,04B,8,216500018,KATANA SUSHI - ELDERSBURG,5959,EXCHANGE DRIVE,ELDERSBURG,21784-9255,05/26/2021,$270.40,$45.40
650,03,19B,09,650,03,04B,7,226500011,KINARA INDIAN CUISINE & BAR,5957,EXCHANGE DR,ELDERSBURG,21784,06/13/2022,$411.55,$0.00
650,03,19B,10,650,03,04B,3,236500013,TAICHI BUBBLE TEA,6300,"GEORGETOWN BLVD, STE 106",ELDERSBURG,21784,05/10/2023,$246.00,$0.00
,,,,,,,,,,,,,,,,